1558821300292, 1558821300387, 95
1558821304128, 1558821304199, 71
1558821308186, 1558821308272, 86
1558821312195, 1558821312303, 108
1558821316099, 1558821316134, 35
1558821320101, 1558821320187, 86
1558821324080, 1558821324099, 19
1558821426178, 1558821426300, 122
1558821430229, 1558821430315, 86
1558821434257, 1558821434392, 135
1558821438263, 1558821438341, 78
1558821442245, 1558821442373, 128
1558821446471, 1558821446615, 144

1558822389122, 1558822389564, 442
1558822393036, 1558822393061, 25
1558822397034, 1558822397054, 20
1558822401045, 1558822401057, 12
1558822405053, 1558822405069, 16
1558822409059, 1558822409090, 31
1558823237110, 1558823237295, 185
1558823241101, 1558823241121, 20
1558823245050, 1558823245077, 27
1558823249114, 1558823249137, 23
1558823253094, 1558823253189, 95
1558823257030, 1558823257045, 15

1558826661129, 1558826661175, 46
1558826665097, 1558826665125, 28
1558826669068, 1558826669099, 31
1558826673037, 1558826673103, 66
