1559123544042, 1559123544309, 267
1559123543121, 1559123544309, 1188
1559123544042, 1559123544309, 267
1559123543121, 1559123544309, 1188
1559123544042, 1559123544310, 268
1559123543121, 1559123544311, 1190
1559123545135, 1559123545226, 91
1559123545135, 1559123545227, 92
1559123545135, 1559123545228, 93
1559123546058, 1559123546106, 48
1559123546058, 1559123546106, 48
1559123546058, 1559123546107, 49
1559123547055, 1559123547103, 48
1559123547055, 1559123547103, 48
1559123547055, 1559123547104, 49
1559123548056, 1559123548097, 41
1559123548056, 1559123548097, 41
1559123548056, 1559123548098, 42
1559123549039, 1559123549073, 34
1559123549039, 1559123549073, 34
1559123549039, 1559123549073, 34
1559123550022, 1559123550058, 36
1559123550022, 1559123550058, 36
1559123550022, 1559123550059, 37
1559123654090, 1559123655218, 1128
1559123654090, 1559123655218, 1128
1559123654090, 1559123655218, 1128
1559123655036, 1559123655218, 182
1559123655036, 1559123655218, 182
1559123655036, 1559123655218, 182
1559123656078, 1559123656616, 538
1559123656078, 1559123656617, 539
1559123656078, 1559123656618, 540
1559123764157, 1559123765338, 1181
1559123765045, 1559123765338, 293
1559123764157, 1559123765338, 1181
1559123764157, 1559123765341, 1184
1559123765045, 1559123765344, 299
1559123765045, 1559123765344, 299
1559123766151, 1559123766201, 50
1559123766151, 1559123766201, 50
1559123766151, 1559123766201, 50
1559123767031, 1559123767078, 47
1559123767031, 1559123767078, 47
1559123767031, 1559123767079, 48
1559123768054, 1559123768089, 35
1559123768054, 1559123768089, 35
1559123768054, 1559123768090, 36
1559123769033, 1559123769064, 31
1559123769033, 1559123769064, 31
1559123769033, 1559123769064, 31
1559123770051, 1559123770086, 35
1559123770051, 1559123770086, 35
1559123770051, 1559123770086, 35
1559123771051, 1559123771098, 47
1559123771051, 1559123771098, 47
1559123771051, 1559123771099, 48
1559123772052, 1559123772087, 35
1559123772052, 1559123772087, 35
1559123772052, 1559123772087, 35
1559123773029, 1559123773572, 543
1559123773029, 1559123773572, 543
1559123773029, 1559123773572, 543
1559123774099, 1559123774615, 516
1559123774099, 1559123774615, 516
1559123774099, 1559123774615, 516
1559123775063, 1559123775589, 526
1559123775063, 1559123775590, 527
1559123775063, 1559123775590, 527
1559123776069, 1559123776150, 81
1559123776069, 1559123776151, 82
1559123776069, 1559123776152, 83
1559123777024, 1559123777053, 29
1559123777024, 1559123777053, 29
1559123777024, 1559123777053, 29
1559123778049, 1559123778579, 530
1559123778049, 1559123778582, 533
1559123778049, 1559123778583, 534
1559123779058, 1559123779148, 90
1559123779058, 1559123779150, 92
1559123779058, 1559123779150, 92
1559123780046, 1559123780075, 29
1559123780046, 1559123780075, 29
1559123780046, 1559123780075, 29
1559123781026, 1559123781064, 38
1559123781026, 1559123781064, 38
1559123781026, 1559123781068, 42
1559123782025, 1559123782055, 30
1559123782025, 1559123782055, 30
1559123782025, 1559123782055, 30
1559123783032, 1559123783059, 27
1559123783032, 1559123783059, 27
1559123783032, 1559123783059, 27
1559123784029, 1559123784061, 32
1559123784029, 1559123784061, 32
1559123784029, 1559123784061, 32
1559123785025, 1559123785054, 29
1559123785025, 1559123785054, 29
1559123785025, 1559123785056, 31
1559123786040, 1559123786068, 28
1559123786040, 1559123786068, 28
1559123786040, 1559123786068, 28
1559123787028, 1559123787057, 29
1559123787028, 1559123787057, 29
1559123787028, 1559123787057, 29
1559123788046, 1559123788556, 510
1559123788046, 1559123788558, 512
1559123788046, 1559123788563, 517
