1558881156251, 1558881156291, 40
1558881160139, 1558881160195, 56
1558881164143, 1558881164224, 81
1558881168092, 1558881168161, 69
1558881172075, 1558881172117, 42
1558881176067, 1558881176101, 34
1558881180076, 1558881180115, 39
1558881184125, 1558881184160, 35
1558881188178, 1558881188223, 45
1558881324067, 1558881324089, 22
1558881328074, 1558881328103, 29
1558881332078, 1558881332103, 25
1558881336220, 1558881336245, 25
1558881340085, 1558881340145, 60
1558881344122, 1558881344154, 32

4, 4, 4
