1558881155101, 1558881156118, 1017
1558881156192, 1558881156256, 64
1558881158142, 1558881158625, 483
1558881159129, 1558881159161, 32
1558881160138, 1558881160192, 54
1558881162038, 1558881162128, 90
1558881163038, 1558881163092, 54
1558881164141, 1558881164209, 68
1558881166037, 1558881166547, 510
1558881167100, 1558881167145, 45
1558881168091, 1558881168152, 61
1558881170040, 1558881170126, 86
1558881171093, 1558881171143, 50
1558881172079, 1558881172120, 41
1558881174034, 1558881174059, 25
1558881175084, 1558881175131, 47
1558881176073, 1558881176105, 32
1558881178025, 1558881178061, 36
1558881179080, 1558881179128, 48
1558881180080, 1558881180115, 35
1558881182071, 1558881182570, 499

1558881183018, 1558881183062, 44
1558881184106, 1558881184155, 49
1558881185027, 1558881185046, 19
1558881186033, 1558881186532, 499
1558881324062, 1558881324561, 499
1558881326028, 1558881326070, 42
1558881327032, 1558881327051, 19
1558881328067, 1558881328095, 28
1558881330059, 1558881330103, 44
1558881331032, 1558881331069, 37
1558881332057, 1558881332088, 31
1558881333033, 1558881333048, 15
1558881334018, 1558881334082, 64
1558881335037, 1558881335055, 18
1558881336183, 1558881336225, 42
1558881338036, 1558881338053, 17
1558881339059, 1558881339090, 31
1558881340099, 1558881340177, 78
1558881341022, 1558881341044, 22
1558881342024, 1558881342524, 500

4, 4, 4
