1559124188032, 1559124188224, 192
1559124187107, 1559124188226, 1119
1559124189101, 1559124189188, 87
1559124190031, 1559124190079, 48
1559124191029, 1559124191070, 41
1559124192031, 1559124192581, 550
1559124193033, 1559124193091, 58
1559124194046, 1559124194090, 44
1559124195030, 1559124195579, 549
1559124196095, 1559124196192, 97
1559124197048, 1559124197087, 39
1559124198032, 1559124198068, 36
1559124199053, 1559124199591, 538
1559124200055, 1559124200140, 85
1559124201047, 1559124201077, 30
1559124202030, 1559124202567, 537
1559124203024, 1559124203075, 51
1559124204023, 1559124204065, 42
1559124205020, 1559124205051, 31
1559124206046, 1559124206569, 523
