1558880486116, 1558880487160, 1044
1558880487058, 1558880487160, 102
1558880488099, 1558880488132, 33
1558880489107, 1558880489130, 23
1558880490032, 1558880490056, 24
1558880491042, 1558880491063, 21
1558880492034, 1558880492070, 36
1558880493088, 1558880493134, 46
1558880494076, 1558880494125, 49
1558880495028, 1558880495044, 16
1558880496027, 1558880496043, 16
1558880497070, 1558880497089, 19
1558880498068, 1558880498122, 54
1558880499030, 1558880499046, 16
1558880500027, 1558880500050, 23
1558880501076, 1558880501109, 33
1558880503029, 1558880503540, 511
1558880504060, 1558880504078, 18

2, 2, 2
1558880998028, 1558880998043, 15
1558880999040, 1558880999053, 13
1558881000018, 1558881000034, 16
1558881001066, 1558881001078, 12
1558881002046, 1558881002077, 31
1558881003020, 1558881003034, 14
1558881004031, 1558881004041, 10
1558881005057, 1558881005076, 19
1558881006047, 1558881006098, 51
1558881007020, 1558881007033, 13
1558881008018, 1558881008029, 11
1558881009037, 1558881009058, 21
1558881010052, 1558881010099, 47
1558881011036, 1558881011066, 30
1558881012016, 1558881012028, 12
1558881013042, 1558881013055, 13
1558881014041, 1558881014068, 27
1558881015026, 1558881015036, 10
1558881016024, 1558881016041, 17
1558881017051, 1558881017068, 17
1558881018036, 1558881018064, 28

3, 3, 3
1558881155102, 1558881156117, 1015
1558881156113, 1558881156194, 81
1558881158057, 1558881158149, 92
1558881159118, 1558881159152, 34
1558881160136, 1558881160189, 53
1558881161090, 1558881161131, 41
1558881162039, 1558881162128, 89
1558881163033, 1558881163064, 31
1558881164114, 1558881164208, 94
1558881165052, 1558881165077, 25
1558881166032, 1558881166049, 17
1558881167096, 1558881167148, 52
1558881168092, 1558881168152, 60
1558881169028, 1558881169042, 14
1558881170039, 1558881170125, 86
1558881171093, 1558881171142, 49
1558881172079, 1558881172129, 50
1558881174043, 1558881174068, 25
1558881175075, 1558881175123, 48
1558881176066, 1558881176100, 34
1558881178062, 1558881178075, 13
1558881179072, 1558881179123, 51
1558881180076, 1558881180112, 36
1558881182065, 1558881182567, 502

1558881183034, 1558881183073, 39
1558881184099, 1558881184153, 54
1558881185023, 1558881185040, 17
1558881186033, 1558881186535, 502
1558881324062, 1558881324559, 497
1558881325066, 1558881325077, 11
1558881326024, 1558881326036, 12
1558881327034, 1558881327060, 26
1558881328068, 1558881328099, 31
1558881329019, 1558881329027, 8
1558881330060, 1558881330107, 47
1558881331037, 1558881331067, 30
1558881332057, 1558881332090, 33
1558881333029, 1558881333051, 22
1558881334027, 1558881334084, 57
1558881335032, 1558881335053, 21
1558881336185, 1558881336229, 44
1558881337023, 1558881337052, 29
1558881338024, 1558881338065, 41
1558881339071, 1558881339101, 30
1558881340172, 1558881340197, 25
1558881341039, 1558881341094, 55
1558881342024, 1558881342042, 18

4, 4, 4
2019-05-27T12:14:46.979+03:00
2019-05-27T12:16:13.603+03:00
